location,Cash,Commodities,Equities,Fixed Income,Real Estate
Montreal,375242.95999999996,297336.89,543166.88,684279.54,860235.74
Ottawa,166986.75,294543.76,219421.11,309376.68,337444.68
Toronto,183157.18,45180.869999999995,39669.36,110103.59,145357.0
Vancouver,270106.25,234612.49,138274.94999999998,322175.41,415516.88
